<?xml version="1.0" encoding="UTF-8"?>
<project-private xmlns="http://www.netbeans.org/ns/project-private/1">
    <editor-bookmarks xmlns="http://www.netbeans.org/ns/editor-bookmarks/2" lastBookmarkId="0"/>
    <open-files xmlns="http://www.netbeans.org/ns/projectui-open-files/2">
        <group>
            <file>file:/Users/jasminelatendresse/SOEN387-Projects-and-Labs/Assignment%202/A2-Repository/src/repository/core/RepositoryDatabase.java</file>
            <file>file:/Users/jasminelatendresse/SOEN387-Projects-and-Labs/Assignment%202/A2-Repository/src/repository/core/BookRepository.java</file>
            <file>file:/Users/jasminelatendresse/SOEN387-Projects-and-Labs/Assignment%202/A2-Repository/src/repository/core/Session.java</file>
        </group>
    </open-files>
</project-private>
