<?xml version="1.0" encoding="UTF-8"?>
<project-private xmlns="http://www.netbeans.org/ns/project-private/1">
    <editor-bookmarks xmlns="http://www.netbeans.org/ns/editor-bookmarks/2" lastBookmarkId="0"/>
    <open-files xmlns="http://www.netbeans.org/ns/projectui-open-files/2">
        <group>
            <file>file:/Users/jasminelatendresse/SOEN387-Projects-and-Labs/Assignment%201/web/index.html</file>
            <file>file:/Users/jasminelatendresse/SOEN387-Projects-and-Labs/Assignment%201/web/WEB-INF/web.xml</file>
            <file>file:/Users/jasminelatendresse/SOEN387-Projects-and-Labs/Assignment%201/src/java/RequestHandler.java</file>
            <file>file:/Users/jasminelatendresse/SOEN387-Projects-and-Labs/Assignment%201/web/index2.html</file>
            <file>file:/Users/jasminelatendresse/SOEN387-Projects-and-Labs/Assignment%201/web/META-INF/context.xml</file>
            <file>file:/Users/jasminelatendresse/SOEN387-Projects-and-Labs/Assignment%201/src/java/SoenServlet.java</file>
            <file>file:/Users/jasminelatendresse/SOEN387-Projects-and-Labs/Assignment%201/src/java/SoenServer.java</file>
        </group>
    </open-files>
</project-private>
