<?xml version="1.0" encoding="UTF-8"?>
<project-private xmlns="http://www.netbeans.org/ns/project-private/1">
    <editor-bookmarks xmlns="http://www.netbeans.org/ns/editor-bookmarks/2" lastBookmarkId="1">
        <file>
            <url>web/home.jsp</url>
            <bookmark id="1">
                <name/>
                <line>45</line>
                <key/>
            </bookmark>
        </file>
    </editor-bookmarks>
    <open-files xmlns="http://www.netbeans.org/ns/projectui-open-files/2">
        <group>
            <file>file:/Users/jasminelatendresse/SOEN387-Projects-and-Labs/Assignment%202/A2-UI/web/addBook.jsp</file>
            <file>file:/Users/jasminelatendresse/SOEN387-Projects-and-Labs/Assignment%202/A2-UI/web/bookView.jsp</file>
            <file>file:/Users/jasminelatendresse/SOEN387-Projects-and-Labs/Assignment%202/A2-UI/src/java/ImageController.java</file>
            <file>file:/Users/jasminelatendresse/SOEN387-Projects-and-Labs/Assignment%202/A2-UI/web/login.jsp</file>
            <file>file:/Users/jasminelatendresse/SOEN387-Projects-and-Labs/Assignment%202/A2-UI/web/WEB-INF/web.xml</file>
            <file>file:/Users/jasminelatendresse/SOEN387-Projects-and-Labs/Assignment%202/A2-UI/web/displayAll.jsp</file>
            <file>file:/Users/jasminelatendresse/SOEN387-Projects-and-Labs/Assignment%202/A2-UI/web/home.jsp</file>
            <file>file:/Users/jasminelatendresse/SOEN387-Projects-and-Labs/Assignment%202/A2-UI/src/java/BookViewController.java</file>
            <file>file:/Users/jasminelatendresse/SOEN387-Projects-and-Labs/Assignment%202/A2-UI/src/java/AddBookController.java</file>
            <file>file:/Users/jasminelatendresse/SOEN387-Projects-and-Labs/Assignment%202/A2-UI/src/java/DisplayAllController.java</file>
            <file>file:/Users/jasminelatendresse/SOEN387-Projects-and-Labs/Assignment%202/A2-UI/web/logout.jsp</file>
        </group>
    </open-files>
</project-private>
